{
  "config": {
    "batch_size": 32,
    "num_points": 2048,
    "epochs": 1,
    "lr": 0.0001,
    "weight_decay": 0.01,
    "d_f": 128,
    "num_tokens": 32,
    "kl_weight": 0.0001,
    "data_root": "data/ShapeNetCore.v2.PC15k",
    "patience": 5
  },
  "train": [
    {
      "epoch": 1,
      "train_flow": 0.22570900988220954,
      "train_kl": 904.4535564197007,
      "val_flow": 0.18152807206835275,
      "val_kl": 37.73177640232039
    }
  ]
}